u-0001	新闻	train
u-0002	论坛	valid
u-0003	问答	train
u-0004	视频	test
u-0005	新闻	train
u-0006	论坛	train
u-0007	问答	train
u-0008	视频	train
u-0009	新闻	train
u-0010	论坛	train
u-0011	问答	train
u-0012	视频	train
u-0013	新闻	train
u-0014	论坛	train
u-0015	问答	train
u-0016	视频	train
u-0017	新闻	valid
u-0018	论坛	train
u-0019	问答	train
u-0020	视频	train
u-0021	新闻	train
u-0022	论坛	train
u-0023	问答	train
u-0024	视频	train
u-0025	新闻	valid
u-0026	论坛	train
u-0027	问答	valid
u-0028	视频	valid
u-0029	新闻	train
u-0030	论坛	valid
u-0031	问答	train
u-0032	视频	train
u-0033	新闻	train
u-0034	论坛	train
u-0035	问答	valid
u-0036	视频	train
u-0037	新闻	train
u-0038	论坛	train
u-0039	问答	train
u-0040	视频	train
u-0041	新闻	train
u-0042	论坛	train
u-0043	问答	train
u-0044	视频	train
u-0045	新闻	train
u-0046	论坛	train
u-0047	问答	train
u-0048	视频	train
u-0049	新闻	train
u-0050	论坛	train
u-0051	问答	train
u-0052	视频	train
u-0053	新闻	train
u-0054	论坛	valid
u-0055	问答	train
u-0056	视频	train
u-0057	新闻	train
u-0058	论坛	test
u-0059	问答	valid
u-0060	视频	train
u-0061	新闻	train
u-0062	论坛	test
u-0063	问答	train
u-0064	视频	train
u-0065	新闻	test
u-0066	论坛	train
u-0067	问答	train
u-0068	视频	train
u-0069	新闻	train
u-0070	论坛	train
u-0071	问答	train
u-0072	视频	train
u-0073	新闻	train
u-0074	论坛	train
u-0075	问答	test
u-0076	视频	train
u-0077	新闻	train
u-0078	论坛	valid
u-0079	问答	train
u-0080	视频	valid
u-0081	新闻	valid
u-0082	论坛	test
u-0083	问答	test
u-0084	视频	train
u-0085	新闻	valid
u-0086	论坛	train
u-0087	问答	train
u-0088	视频	train
u-0089	新闻	train
u-0090	论坛	train
u-0091	问答	train
u-0092	视频	train
u-0093	新闻	train
u-0094	论坛	train
u-0095	问答	train
u-0096	视频	train
u-0097	新闻	train
u-0098	论坛	test
u-0099	问答	train
u-0100	视频	test
u-0101	新闻	train
u-0102	论坛	train
u-0103	问答	train
u-0104	视频	train
u-0105	新闻	train
u-0106	论坛	train
u-0107	问答	test
u-0108	视频	train
u-0109	新闻	train
u-0110	论坛	train
u-0111	问答	train
u-0112	视频	train
u-0113	新闻	train
u-0114	论坛	train
u-0115	问答	valid
u-0116	视频	train
u-0117	新闻	test
u-0118	论坛	train
u-0119	问答	train
u-0120	视频	train
u-0121	新闻	train
u-0122	论坛	train
u-0123	问答	train
u-0124	视频	train
u-0125	新闻	train
u-0126	论坛	train
u-0127	问答	train
u-0128	视频	train
u-0129	新闻	train
u-0130	论坛	train
u-0131	问答	train
u-0132	视频	train
u-0133	新闻	train
u-0134	论坛	train
u-0135	问答	train
u-0136	视频	valid
u-0137	新闻	valid
u-0138	论坛	valid
u-0139	问答	train
u-0140	视频	train
u-0141	新闻	train
u-0142	论坛	train
u-0143	问答	test
u-0144	视频	train
u-0145	新闻	train
u-0146	论坛	train
u-0147	问答	train
u-0148	视频	train
u-0149	新闻	train
u-0150	论坛	train
u-0151	问答	valid
u-0152	视频	train
u-0153	新闻	test
u-0154	论坛	train
u-0155	问答	train
u-0156	视频	valid
u-0157	新闻	train
u-0158	论坛	train
u-0159	问答	train
u-0160	视频	test
u-0161	新闻	train
u-0162	论坛	train
u-0163	问答	train
u-0164	视频	train
u-0165	新闻	train
u-0166	论坛	train
u-0167	问答	train
u-0168	视频	train
u-0169	新闻	test
u-0170	论坛	train
u-0171	问答	train
u-0172	视频	train
u-0173	新闻	train
u-0174	论坛	train
u-0175	问答	train
u-0176	视频	train
u-0177	新闻	test
u-0178	论坛	train
u-0179	问答	train
u-0180	视频	train
u-0181	新闻	train
u-0182	论坛	train
u-0183	问答	train
u-0184	视频	test
u-0185	新闻	train
u-0186	论坛	test
u-0187	问答	train
u-0188	视频	train
u-0189	新闻	valid
u-0190	论坛	train
u-0191	问答	train
u-0192	视频	train
u-0193	新闻	train
u-0194	论坛	valid
u-0195	问答	train
u-0196	视频	train
u-0197	新闻	train
u-0198	论坛	train
u-0199	问答	train
u-0200	视频	train
