t-0006	热门	train
t-0089	次热	train
t-0128	尾类-18	train
t-0157	尾类-47	test
t-0194	尾类-84	train
t-0098	次热	valid
t-0053	热门	valid
t-0134	尾类-24	train
t-0144	尾类-34	train
t-0016	热门	train
t-0035	热门	valid
t-0131	尾类-21	train
t-0049	热门	train
t-0076	次热	train
t-0151	尾类-41	train
t-0069	热门	train
t-0003	热门	train
t-0077	次热	train
t-0141	尾类-31	train
t-0041	热门	test
t-0030	热门	train
t-0014	热门	test
t-0073	次热	train
t-0093	次热	train
t-0135	尾类-25	train
t-0153	尾类-43	train
t-0050	热门	train
t-0137	尾类-27	train
t-0058	热门	train
t-0063	热门	train
t-0145	尾类-35	train
t-0147	尾类-37	train
t-0046	热门	train
t-0164	尾类-54	train
t-0104	次热	train
t-0118	尾类-08	train
t-0001	热门	train
t-0039	热门	train
t-0176	尾类-66	train
t-0034	热门	train
t-0043	热门	train
t-0148	尾类-38	train
t-0120	尾类-10	train
t-0057	热门	train
t-0126	尾类-16	train
t-0091	次热	train
t-0150	尾类-40	train
t-0011	热门	test
t-0199	尾类-89	train
t-0160	尾类-50	train
t-0152	尾类-42	valid
t-0033	热门	train
t-0163	尾类-53	test
t-0083	次热	valid
t-0010	热门	train
t-0018	热门	train
t-0019	热门	train
t-0038	热门	train
t-0074	次热	train
t-0181	尾类-71	train
t-0066	热门	train
t-0107	次热	train
t-0082	次热	train
t-0123	尾类-13	train
t-0017	热门	train
t-0187	尾类-77	train
t-0185	尾类-75	train
t-0055	热门	train
t-0042	热门	train
t-0174	尾类-64	valid
t-0009	热门	train
t-0143	尾类-33	train
t-0015	热门	valid
t-0175	尾类-65	train
t-0084	次热	train
t-0054	热门	train
t-0020	热门	train
t-0080	次热	train
t-0140	尾类-30	train
t-0184	尾类-74	train
t-0146	尾类-36	train
t-0101	次热	train
t-0166	尾类-56	train
t-0025	热门	train
t-0013	热门	train
t-0121	尾类-11	train
t-0159	尾类-49	train
t-0129	尾类-19	train
t-0117	尾类-07	train
t-0092	次热	train
t-0149	尾类-39	train
t-0173	尾类-63	train
t-0095	次热	train
t-0068	热门	valid
t-0113	尾类-03	train
t-0023	热门	train
t-0072	次热	test
t-0029	热门	train
t-0200	尾类-90	train
t-0027	热门	train
t-0040	热门	train
t-0183	尾类-73	train
t-0067	热门	valid
t-0139	尾类-29	train
t-0100	次热	train
t-0124	尾类-14	train
t-0156	尾类-46	train
t-0168	尾类-58	train
t-0130	尾类-20	train
t-0094	次热	train
t-0109	次热	train
t-0026	热门	train
t-0037	热门	train
t-0099	次热	train
t-0112	尾类-02	valid
t-0088	次热	train
t-0056	热门	test
t-0052	热门	train
t-0114	尾类-04	train
t-0005	热门	train
t-0008	热门	test
t-0138	尾类-28	train
t-0048	热门	train
t-0051	热门	train
t-0155	尾类-45	train
t-0106	次热	train
t-0075	次热	train
t-0162	尾类-52	train
t-0031	热门	train
t-0021	热门	train
t-0081	次热	train
t-0136	尾类-26	train
t-0096	次热	train
t-0116	尾类-06	train
t-0111	尾类-01	train
t-0172	尾类-62	train
t-0004	热门	train
t-0188	尾类-78	train
t-0119	尾类-09	train
t-0059	热门	train
t-0167	尾类-57	train
t-0012	热门	train
t-0169	尾类-59	train
t-0024	热门	train
t-0133	尾类-23	train
t-0108	次热	train
t-0161	尾类-51	test
t-0110	次热	train
t-0158	尾类-48	train
t-0022	热门	train
t-0102	次热	train
t-0002	热门	train
t-0047	热门	test
t-0070	热门	train
t-0087	次热	train
t-0115	尾类-05	train
t-0125	尾类-15	train
t-0078	次热	train
t-0171	尾类-61	train
t-0186	尾类-76	train
t-0097	次热	train
t-0198	尾类-88	train
t-0196	尾类-86	train
t-0105	次热	train
t-0032	热门	test
t-0154	尾类-44	train
t-0182	尾类-72	train
t-0189	尾类-79	train
t-0103	次热	train
t-0086	次热	train
t-0036	热门	train
t-0195	尾类-85	train
t-0142	尾类-32	train
t-0170	尾类-60	train
t-0079	次热	train
t-0122	尾类-12	train
t-0062	热门	train
t-0071	次热	train
t-0193	尾类-83	train
t-0179	尾类-69	train
t-0191	尾类-81	valid
t-0190	尾类-80	train
t-0044	热门	train
t-0132	尾类-22	train
t-0180	尾类-70	train
t-0085	次热	train
t-0007	热门	train
t-0045	热门	train
t-0064	热门	train
t-0127	尾类-17	train
t-0177	尾类-67	train
t-0061	热门	test
t-0192	尾类-82	train
t-0197	尾类-87	valid
t-0028	热门	train
t-0060	热门	train
t-0090	次热	train
t-0165	尾类-55	train
t-0065	热门	train
t-0178	尾类-68	train
