d-19	丙	train
d-19	丙	train
d-19	丙	train
d-19	丙	train
d-27	丙	train
d-27	丙	train
d-11	丙	train
d-11	丙	train
d-11	丙	train
d-11	丙	train
d-06	乙	train
d-06	乙	train
d-06	乙	train
d-06	乙	train
d-32	丁	test
d-32	丁	test
d-13	甲	valid
d-13	甲	valid
d-13	甲	valid
d-13	甲	valid
d-25	甲	train
d-25	甲	train
d-24	丙	train
d-24	丁	train
d-24	丁	train
d-24	丁	train
d-34	乙	valid
d-34	乙	valid
d-26	乙	train
d-26	乙	train
d-07	丙	train
d-07	丙	train
d-07	丙	train
d-07	丙	train
d-23	丙	train
d-23	丙	train
d-23	丙	train
d-23	丙	train
d-35	丙	train
d-35	丙	train
d-17	甲	train
d-17	甲	train
d-17	甲	train
d-17	甲	train
d-05	甲	train
d-05	甲	train
d-05	甲	train
d-05	甲	train
d-02	乙	test
d-02	乙	test
d-02	乙	test
d-02	乙	test
d-04	丁	train
d-04	丁	train
d-04	丁	train
d-04	丁	train
d-29	甲	train
d-29	甲	train
d-09	甲	train
d-09	甲	train
d-09	甲	train
d-09	甲	train
d-16	丁	train
d-16	丁	train
d-16	丁	train
d-16	丁	train
d-20	丁	train
d-20	丁	train
d-20	丁	train
d-20	丁	train
d-36	丁	train
d-36	丁	train
d-28	丁	test
d-28	丁	test
d-03	丙	train
d-03	丙	train
d-03	丙	train
d-03	丙	train
d-10	乙	valid
d-10	乙	valid
d-10	乙	valid
d-10	乙	valid
d-18	乙	train
d-18	乙	train
d-18	乙	train
d-18	乙	train
d-08	丁	train
d-08	丁	train
d-08	丁	train
d-08	丁	train
d-21	甲	test
d-21	甲	test
d-21	甲	test
d-21	甲	test
d-12	丁	train
d-12	丁	train
d-12	丁	train
d-12	丁	train
d-33	甲	train
d-33	甲	train
d-15	丙	train
d-15	丙	train
d-15	丙	train
d-15	丙	train
d-01	甲	train
d-01	甲	train
d-01	甲	train
d-01	甲	train
d-30	乙	train
d-30	乙	train
d-14	乙	train
d-14	乙	train
d-14	乙	train
d-14	乙	train
d-31	丙	train
d-31	丙	train
d-22	乙	train
d-22	乙	train
d-22	乙	train
d-22	乙	train
