p-0136	甲	train
p-0031	甲	train
p-0220	甲	train
p-0120	丙	test
p-0106	甲	valid
p-0080	乙	valid
p-0019	甲	train
p-0170	乙	test
p-0185	乙	train
p-0067	甲	train
p-0139	甲	train
p-0127	甲	valid
p-0172	甲	valid
p-0213	丙	train
p-0166	甲	valid
p-0249	丙	train
p-0257	乙	valid
p-0260	乙	train
p-0197	乙	train
p-0035	乙	valid
p-0157	甲	train
p-0262	甲	train
p-0063	丙	test
p-0180	丙	train
p-0248	乙	valid
p-0215	乙	train
p-0152	乙	train
p-0005	乙	train
p-0051	丙	train
p-0236	乙	train
p-0231	丙	train
p-0163	甲	valid
p-0192	丙	train
p-0164	乙	train
p-0261	丙	test
p-0088	甲	train
p-0175	甲	train
p-0149	乙	train
p-0227	乙	valid
p-0138	丙	train
p-0124	甲	train
p-0204	丙	train
p-0072	丙	train
p-0025	甲	valid
p-0140	乙	train
p-0012	丙	train
p-0162	丙	train
p-0003	丙	valid
p-0096	丙	valid
p-0237	丙	train
p-0023	乙	train
p-0017	乙	train
p-0100	甲	train
p-0188	乙	train
p-0021	丙	train
p-0212	乙	train
p-0042	丙	valid
p-0194	乙	train
p-0178	甲	train
p-0097	甲	train
p-0225	丙	valid
p-0121	甲	train
p-0008	乙	train
p-0022	甲	train
p-0066	丙	train
p-0034	甲	train
p-0193	甲	valid
p-0214	甲	test
p-0132	丙	train
p-0208	甲	valid
p-0014	乙	train
p-0263	乙	valid
p-0147	丙	train
p-0228	丙	train
p-0167	乙	valid
p-0086	乙	train
p-0198	丙	train
p-0205	甲	train
p-0254	乙	train
p-0093	丙	train
p-0203	乙	train
p-0044	乙	train
p-0144	丙	valid
p-0150	丙	train
p-0001	甲	train
p-0216	丙	train
p-0007	甲	train
p-0054	丙	test
p-0148	甲	train
p-0027	丙	train
p-0242	乙	valid
p-0258	丙	train
p-0077	乙	train
p-0081	丙	valid
p-0176	乙	train
p-0060	丙	train
p-0094	甲	train
p-0246	丙	valid
p-0191	乙	train
p-0123	丙	train
p-0155	乙	test
p-0043	甲	train
p-0186	丙	train
p-0015	丙	train
p-0209	乙	train
p-0073	甲	train
p-0165	丙	train
p-0239	乙	train
p-0168	丙	test
p-0252	丙	train
p-0011	乙	train
p-0069	丙	valid
p-0046	甲	valid
p-0024	丙	valid
p-0059	乙	valid
p-0029	乙	train
p-0049	甲	train
p-0028	甲	train
p-0173	乙	train
p-0200	乙	train
p-0141	丙	valid
p-0010	甲	train
p-0030	丙	valid
p-0109	甲	train
p-0116	乙	train
p-0222	丙	train
p-0177	丙	valid
p-0114	丙	train
p-0032	乙	test
p-0196	甲	train
p-0047	乙	valid
p-0082	甲	valid
p-0074	乙	train
p-0062	乙	train
p-0211	甲	valid
p-0201	丙	test
p-0038	乙	train
p-0084	丙	test
p-0250	甲	train
p-0128	乙	train
p-0210	丙	valid
p-0243	丙	train
p-0070	甲	train
p-0223	甲	train
p-0020	乙	train
p-0105	丙	train
p-0256	甲	test
p-0101	乙	train
p-0004	甲	train
p-0184	甲	train
p-0079	甲	train
p-0085	甲	train
p-0217	甲	train
p-0053	乙	valid
p-0245	乙	test
p-0135	丙	train
p-0131	乙	train
p-0119	乙	train
p-0145	甲	test
p-0009	丙	test
p-0206	乙	valid
p-0255	丙	valid
p-0161	乙	train
p-0234	丙	train
p-0151	甲	test
p-0264	丙	valid
p-0153	丙	train
p-0033	丙	valid
p-0076	甲	train
p-0064	甲	test
p-0174	丙	train
p-0224	乙	train
p-0218	乙	train
p-0207	丙	test
p-0040	甲	train
p-0110	乙	train
p-0087	丙	train
p-0179	乙	train
p-0232	甲	train
p-0111	丙	train
p-0229	甲	train
p-0099	丙	valid
p-0129	丙	train
p-0057	丙	valid
p-0235	甲	train
p-0190	甲	valid
p-0183	丙	train
p-0199	甲	train
p-0221	乙	train
p-0050	乙	test
p-0219	丙	test
p-0137	乙	train
p-0095	乙	train
p-0171	丙	train
p-0036	丙	train
p-0092	乙	train
p-0233	乙	valid
p-0045	丙	train
p-0075	丙	train
p-0108	丙	train
p-0118	甲	train
p-0160	甲	train
p-0125	乙	valid
p-0154	甲	train
p-0146	乙	valid
p-0265	甲	valid
p-0181	甲	train
p-0247	甲	valid
p-0159	丙	train
p-0048	丙	train
p-0112	甲	train
p-0002	乙	train
p-0158	乙	train
p-0241	甲	valid
p-0133	甲	test
p-0061	甲	valid
p-0056	乙	train
p-0089	乙	train
p-0068	乙	train
p-0226	甲	test
p-0202	甲	train
p-0083	乙	valid
p-0259	甲	valid
p-0037	甲	train
p-0016	甲	train
p-0102	丙	train
p-0115	甲	train
p-0058	甲	valid
p-0098	乙	train
p-0103	甲	train
p-0253	甲	train
p-0126	丙	test
p-0018	丙	train
p-0142	甲	train
p-0244	甲	train
p-0134	乙	train
p-0107	乙	valid
p-0122	乙	train
p-0240	丙	train
p-0230	乙	train
p-0238	甲	train
p-0251	乙	train
p-0187	甲	train
p-0090	丙	valid
p-0006	丙	train
p-0041	乙	test
p-0071	乙	train
p-0113	乙	train
p-0189	丙	train
p-0055	甲	valid
