p-0114	丙	train
p-0045	丙	train
p-0069	丙	valid
p-0115	甲	train
p-0010	甲	train
p-0176	乙	train
p-0083	乙	valid
p-0153	丙	train
p-0071	乙	train
p-0070	甲	train
p-0094	甲	train
p-0043	甲	train
p-0052	甲	train
p-0140	乙	train
p-0054	丙	test
p-0076	甲	train
p-0055	甲	valid
p-0003	丙	valid
p-0078	丙	train
p-0199	甲	train
p-0162	丙	train
p-0148	甲	train
p-0169	甲	train
p-0105	丙	train
p-0063	丙	test
p-0037	甲	train
p-0053	乙	valid
p-0117	丙	train
p-0145	甲	test
p-0015	丙	train
p-0121	甲	train
p-0132	丙	train
p-0161	乙	train
p-0079	甲	train
p-0134	乙	train
p-0005	乙	train
p-0061	甲	valid
p-0128	乙	train
p-0008	乙	train
p-0200	乙	train
p-0173	乙	train
p-0038	乙	train
p-0048	丙	train
p-0123	丙	train
p-0074	乙	train
p-0147	丙	train
p-0195	丙	train
p-0125	乙	valid
p-0180	丙	train
p-0144	丙	valid
p-0009	丙	test
p-0168	丙	test
p-0001	甲	train
p-0026	乙	train
p-0085	甲	train
p-0159	丙	train
p-0133	甲	test
p-0095	乙	train
p-0044	乙	train
p-0007	甲	train
p-0138	丙	train
p-0036	丙	train
p-0118	甲	train
p-0039	丙	train
p-0139	甲	train
p-0049	甲	train
p-0022	甲	train
p-0093	丙	train
p-0075	丙	train
p-0066	丙	train
p-0027	丙	train
p-0081	丙	valid
p-0090	丙	valid
p-0107	乙	valid
p-0013	甲	train
p-0164	乙	train
p-0109	甲	train
p-0103	甲	train
p-0098	乙	train
p-0174	丙	train
p-0183	丙	train
p-0185	乙	train
p-0166	甲	valid
p-0136	甲	train
p-0096	丙	valid
p-0156	丙	train
p-0155	乙	test
p-0050	乙	test
p-0191	乙	train
p-0047	乙	valid
p-0100	甲	train
p-0158	乙	train
p-0113	乙	train
p-0060	丙	train
p-0082	甲	valid
p-0110	乙	train
p-0116	乙	train
p-0042	丙	valid
p-0064	甲	test
p-0152	乙	train
p-0196	甲	train
p-0194	乙	train
p-0092	乙	train
p-0099	丙	valid
p-0197	乙	train
p-0062	乙	train
p-0178	甲	train
p-0017	乙	train
p-0131	乙	train
p-0088	甲	train
p-0097	甲	train
p-0150	丙	train
p-0111	丙	train
p-0028	甲	train
p-0102	丙	train
p-0057	丙	valid
p-0065	乙	valid
p-0073	甲	train
p-0016	甲	train
p-0181	甲	train
p-0091	甲	train
p-0124	甲	train
p-0077	乙	train
p-0056	乙	train
p-0198	丙	train
p-0122	乙	train
p-0067	甲	train
p-0160	甲	train
p-0101	乙	train
p-0080	乙	valid
p-0014	乙	train
p-0106	甲	valid
p-0190	甲	valid
p-0086	乙	train
p-0120	丙	test
p-0024	丙	valid
p-0012	丙	train
p-0170	乙	test
p-0149	乙	train
p-0032	乙	test
p-0108	丙	train
p-0058	甲	valid
p-0011	乙	train
p-0171	丙	train
p-0004	甲	train
p-0040	甲	train
p-0130	甲	train
p-0031	甲	train
p-0035	乙	valid
p-0021	丙	train
p-0154	甲	train
p-0186	丙	train
p-0157	甲	train
p-0137	乙	train
p-0167	乙	valid
p-0019	甲	train
p-0051	丙	train
p-0129	丙	train
p-0163	甲	valid
p-0046	甲	valid
p-0104	乙	valid
p-0033	丙	valid
p-0018	丙	train
p-0084	丙	test
p-0175	甲	train
p-0179	乙	train
p-0023	乙	train
p-0002	乙	train
p-0177	丙	valid
p-0025	甲	valid
p-0142	甲	train
p-0151	甲	test
p-0165	丙	train
p-0089	乙	train
p-0087	丙	train
p-0034	甲	train
p-0029	乙	train
p-0188	乙	train
p-0072	丙	train
p-0187	甲	train
p-0189	丙	train
p-0068	乙	train
p-0112	甲	train
p-0146	乙	valid
p-0020	乙	train
p-0192	丙	train
p-0030	丙	valid
p-0182	乙	train
p-0141	丙	valid
p-0041	乙	test
p-0143	乙	train
p-0126	丙	test
p-0059	乙	valid
p-0184	甲	train
p-0119	乙	train
p-0193	甲	valid
p-0127	甲	valid
p-0135	丙	train
p-0172	甲	valid
p-0006	丙	train
