q-0001	甲	train
q-0002	乙	train
q-0003	丙	train
q-0004	丁	train
q-0006	乙	train
q-0007	丙	train
q-0008	丁	valid
q-0009	甲	train
q-0011	丙	train
q-0012	丁	test
q-0013	甲	train
q-0014	乙	train
q-0016	丁	valid
q-0017	甲	train
q-0018	乙	valid
q-0019	丙	train
q-0021	甲	train
q-0022	乙	train
q-0023	丙	test
q-0024	丁	train
q-0026	乙	valid
q-0027	丙	test
q-0028	丁	test
q-0029	甲	valid
q-0031	丙	valid
q-0032	丁	train
q-0033	甲	train
q-0034	乙	train
q-0036	丁	train
q-0037	甲	valid
q-0038	乙	train
q-0039	丙	train
q-0041	甲	test
q-0042	乙	train
q-0043	丙	train
q-0044	丁	train
q-0046	乙	valid
q-0047	丙	test
q-0048	丁	train
q-0049	甲	train
q-0051	丙	valid
q-0052	丁	train
q-0053	甲	valid
q-0054	乙	train
q-0056	丁	train
q-0057	甲	train
q-0058	乙	train
q-0059	丙	train
q-0061	甲	train
q-0062	乙	train
q-0063	丙	train
q-0064	丁	train
q-0066	乙	train
q-0067	丙	train
q-0068	丁	train
q-0069	甲	train
q-0071	丙	train
q-0072	丁	train
q-0073	甲	train
q-0074	乙	valid
q-0076	丁	test
q-0077	甲	train
q-0078	乙	train
q-0079	丙	train
q-0081	甲	valid
q-0082	乙	train
q-0083	丙	train
q-0084	丁	train
q-0086	乙	train
q-0087	丙	train
q-0088	丁	train
q-0089	甲	train
q-0091	丙	train
q-0092	丁	train
q-0093	甲	train
q-0094	乙	valid
q-0096	丁	train
q-0097	甲	train
q-0098	乙	train
q-0099	丙	train
q-0101	甲	test
q-0102	乙	train
q-0103	丙	train
q-0104	丁	valid
q-0106	乙	train
q-0107	丙	train
q-0108	丁	train
q-0109	甲	train
q-0111	丙	test
q-0112	丁	train
q-0113	甲	train
q-0114	乙	valid
q-0116	丁	train
q-0117	甲	train
q-0118	乙	valid
q-0119	丙	train
q-0121	甲	train
q-0122	乙	valid
q-0123	丙	train
q-0124	丁	test
q-0126	乙	train
q-0127	丙	train
q-0128	丁	train
q-0129	甲	test
q-0131	丙	train
q-0132	丁	train
q-0133	甲	valid
q-0134	乙	valid
q-0136	丁	valid
q-0137	甲	train
q-0138	乙	train
q-0139	丙	valid
q-0141	甲	train
q-0142	乙	train
q-0143	丙	train
q-0144	丁	train
q-0146	乙	train
q-0147	丙	train
q-0148	丁	train
q-0149	甲	test
q-0151	丙	valid
q-0152	丁	train
q-0153	甲	train
q-0154	乙	train
q-0156	丁	valid
q-0157	甲	train
q-0158	乙	train
q-0159	丙	train
q-0161	甲	train
q-0162	乙	train
q-0163	丙	train
q-0164	丁	train
q-0166	乙	train
q-0167	丙	train
q-0168	丁	train
q-0169	甲	train
q-0171	丙	valid
q-0172	丁	test
q-0173	甲	train
q-0174	乙	train
q-0176	丁	train
q-0177	甲	train
q-0178	乙	valid
q-0179	丙	test
q-0181	甲	test
q-0182	乙	train
q-0183	丙	train
q-0184	丁	train
q-0186	乙	train
q-0187	丙	train
q-0188	丁	test
q-0189	甲	valid
q-0191	丙	train
q-0192	丁	train
q-0193	甲	train
q-0194	乙	train
q-0196	丁	train
q-0197	甲	valid
q-0198	乙	train
q-0199	丙	train
q-0201	甲	train
q-0202	乙	train
q-0203	丙	train
q-0204	丁	train
q-0206	乙	train
q-0207	丙	train
q-0208	丁	train
q-0209	甲	train
q-0211	丙	train
q-0212	丁	valid
q-0213	甲	valid
q-0214	乙	train
q-0216	丁	valid
q-0217	甲	train
q-0218	乙	train
q-0219	丙	train
q-0221	甲	train
q-0222	乙	train
q-0223	丙	valid
q-0224	丁	valid
q-0226	乙	train
q-0227	丙	train
q-0228	丁	train
q-0229	甲	test
q-0231	丙	train
q-0232	丁	train
q-0233	甲	train
q-0234	乙	train
q-0236	丁	train
q-0237	甲	train
q-0238	乙	valid
q-0239	丙	train
