g-0222	垂类
g-0263	垂类
g-0228	垂类
g-0206	大众
g-0060	大众
g-0121	大众
g-0223	垂类
g-0166	大众
g-0145	大众
g-0227	垂类
g-0176	大众
g-0230	垂类
g-0231	垂类
g-0183	大众
g-0280	冷门
g-0274	冷门
g-0284	冷门
g-0084	大众
g-0066	大众
g-0036	大众
g-0295	冷门
g-0091	大众
g-0104	大众
g-0092	大众
g-0261	垂类
g-0076	大众
g-0229	垂类
g-0041	大众
g-0190	大众
g-0034	大众
g-0112	大众
g-0016	大众
g-0140	大众
g-0289	冷门
g-0097	大众
g-0072	大众
g-0083	大众
g-0249	垂类
g-0181	大众
g-0002	大众
g-0180	大众
g-0232	垂类
g-0071	大众
g-0049	大众
g-0225	垂类
g-0139	大众
g-0168	大众
g-0133	大众
g-0099	大众
g-0011	大众
g-0286	冷门
g-0069	大众
g-0126	大众
g-0137	大众
g-0252	垂类
g-0300	冷门
g-0260	垂类
g-0006	大众
g-0270	垂类
g-0178	大众
g-0288	冷门
g-0043	大众
g-0287	冷门
g-0277	冷门
g-0073	大众
g-0086	大众
g-0119	大众
g-0046	大众
g-0155	大众
g-0117	大众
g-0196	大众
g-0216	垂类
g-0052	大众
g-0122	大众
g-0130	大众
g-0298	冷门
g-0173	大众
g-0135	大众
g-0182	大众
g-0098	大众
g-0085	大众
g-0143	大众
g-0118	大众
g-0235	垂类
g-0267	垂类
g-0163	大众
g-0124	大众
g-0248	垂类
g-0291	冷门
g-0017	大众
g-0053	大众
g-0064	大众
g-0282	冷门
g-0029	大众
g-0037	大众
g-0058	大众
g-0177	大众
g-0136	大众
g-0012	大众
g-0054	大众
g-0096	大众
g-0285	冷门
g-0169	大众
g-0103	大众
g-0005	大众
g-0167	大众
g-0024	大众
g-0042	大众
g-0201	大众
g-0197	大众
g-0081	大众
g-0269	垂类
g-0055	大众
g-0218	垂类
g-0120	大众
g-0127	大众
g-0062	大众
g-0021	大众
g-0088	大众
g-0266	垂类
g-0207	大众
g-0154	大众
g-0273	冷门
g-0146	大众
g-0156	大众
g-0108	大众
g-0009	大众
g-0160	大众
g-0259	垂类
g-0219	垂类
g-0292	冷门
g-0035	大众
g-0246	垂类
g-0162	大众
g-0233	垂类
g-0094	大众
g-0193	大众
g-0010	大众
g-0111	大众
g-0015	大众
g-0275	冷门
g-0014	大众
g-0150	大众
g-0238	垂类
g-0141	大众
g-0022	大众
g-0202	大众
g-0159	大众
g-0030	大众
g-0109	大众
g-0205	大众
g-0101	大众
g-0067	大众
g-0026	大众
g-0164	大众
g-0240	垂类
g-0115	大众
g-0297	冷门
g-0214	垂类
g-0148	大众
g-0090	大众
g-0195	大众
g-0189	大众
g-0283	冷门
g-0192	大众
g-0265	垂类
g-0063	大众
g-0100	大众
g-0204	大众
g-0019	大众
g-0255	垂类
g-0234	垂类
g-0188	大众
g-0237	垂类
g-0025	大众
g-0217	垂类
g-0199	大众
g-0262	垂类
g-0129	大众
g-0003	大众
g-0278	冷门
g-0153	大众
g-0203	大众
g-0186	大众
g-0050	大众
g-0023	大众
g-0110	大众
g-0244	垂类
g-0001	大众
g-0264	垂类
g-0106	大众
g-0013	大众
g-0027	大众
g-0187	大众
g-0245	垂类
g-0038	大众
g-0239	垂类
g-0039	大众
g-0068	大众
g-0170	大众
g-0258	垂类
g-0056	大众
g-0276	冷门
g-0065	大众
g-0257	垂类
g-0144	大众
g-0198	大众
g-0242	垂类
g-0161	大众
g-0251	垂类
g-0213	垂类
g-0210	大众
g-0047	大众
g-0095	大众
g-0116	大众
g-0279	冷门
g-0018	大众
g-0296	冷门
g-0272	冷门
g-0070	大众
g-0236	垂类
g-0007	大众
g-0247	垂类
g-0256	垂类
g-0102	大众
g-0008	大众
g-0057	大众
g-0191	大众
g-0293	冷门
g-0226	垂类
g-0020	大众
g-0299	冷门
g-0093	大众
g-0157	大众
g-0087	大众
g-0184	大众
g-0250	垂类
g-0221	垂类
g-0243	垂类
g-0089	大众
g-0211	垂类
g-0123	大众
g-0224	垂类
g-0032	大众
g-0290	冷门
g-0179	大众
g-0174	大众
g-0114	大众
g-0142	大众
g-0113	大众
g-0028	大众
g-0082	大众
g-0152	大众
g-0079	大众
g-0171	大众
g-0212	垂类
g-0149	大众
g-0158	大众
g-0194	大众
g-0105	大众
g-0059	大众
g-0033	大众
g-0268	垂类
g-0172	大众
g-0044	大众
g-0185	大众
g-0080	大众
g-0051	大众
g-0175	大众
g-0208	大众
g-0281	冷门
g-0061	大众
g-0294	冷门
g-0077	大众
g-0209	大众
g-0040	大众
g-0271	冷门
g-0128	大众
g-0215	垂类
g-0151	大众
g-0147	大众
g-0048	大众
g-0134	大众
g-0138	大众
g-0075	大众
g-0131	大众
g-0107	大众
g-0200	大众
g-0254	垂类
g-0074	大众
g-0004	大众
g-0165	大众
g-0031	大众
g-0045	大众
g-0220	垂类
g-0241	垂类
g-0078	大众
g-0125	大众
g-0132	大众
g-0253	垂类
