t-0006	热门
t-0089	次热
t-0128	尾类-18
t-0157	尾类-47
t-0194	尾类-84
t-0098	次热
t-0053	热门
t-0134	尾类-24
t-0144	尾类-34
t-0016	热门
t-0035	热门
t-0131	尾类-21
t-0049	热门
t-0076	次热
t-0151	尾类-41
t-0069	热门
t-0003	热门
t-0077	次热
t-0141	尾类-31
t-0041	热门
t-0030	热门
t-0014	热门
t-0073	次热
t-0093	次热
t-0135	尾类-25
t-0153	尾类-43
t-0050	热门
t-0137	尾类-27
t-0058	热门
t-0063	热门
t-0145	尾类-35
t-0147	尾类-37
t-0046	热门
t-0164	尾类-54
t-0104	次热
t-0118	尾类-08
t-0001	热门
t-0039	热门
t-0176	尾类-66
t-0034	热门
t-0043	热门
t-0148	尾类-38
t-0120	尾类-10
t-0057	热门
t-0126	尾类-16
t-0091	次热
t-0150	尾类-40
t-0011	热门
t-0199	尾类-89
t-0160	尾类-50
t-0152	尾类-42
t-0033	热门
t-0163	尾类-53
t-0083	次热
t-0010	热门
t-0018	热门
t-0019	热门
t-0038	热门
t-0074	次热
t-0181	尾类-71
t-0066	热门
t-0107	次热
t-0082	次热
t-0123	尾类-13
t-0017	热门
t-0187	尾类-77
t-0185	尾类-75
t-0055	热门
t-0042	热门
t-0174	尾类-64
t-0009	热门
t-0143	尾类-33
t-0015	热门
t-0175	尾类-65
t-0084	次热
t-0054	热门
t-0020	热门
t-0080	次热
t-0140	尾类-30
t-0184	尾类-74
t-0146	尾类-36
t-0101	次热
t-0166	尾类-56
t-0025	热门
t-0013	热门
t-0121	尾类-11
t-0159	尾类-49
t-0129	尾类-19
t-0117	尾类-07
t-0092	次热
t-0149	尾类-39
t-0173	尾类-63
t-0095	次热
t-0068	热门
t-0113	尾类-03
t-0023	热门
t-0072	次热
t-0029	热门
t-0200	尾类-90
t-0027	热门
t-0040	热门
t-0183	尾类-73
t-0067	热门
t-0139	尾类-29
t-0100	次热
t-0124	尾类-14
t-0156	尾类-46
t-0168	尾类-58
t-0130	尾类-20
t-0094	次热
t-0109	次热
t-0026	热门
t-0037	热门
t-0099	次热
t-0112	尾类-02
t-0088	次热
t-0056	热门
t-0052	热门
t-0114	尾类-04
t-0005	热门
t-0008	热门
t-0138	尾类-28
t-0048	热门
t-0051	热门
t-0155	尾类-45
t-0106	次热
t-0075	次热
t-0162	尾类-52
t-0031	热门
t-0021	热门
t-0081	次热
t-0136	尾类-26
t-0096	次热
t-0116	尾类-06
t-0111	尾类-01
t-0172	尾类-62
t-0004	热门
t-0188	尾类-78
t-0119	尾类-09
t-0059	热门
t-0167	尾类-57
t-0012	热门
t-0169	尾类-59
t-0024	热门
t-0133	尾类-23
t-0108	次热
t-0161	尾类-51
t-0110	次热
t-0158	尾类-48
t-0022	热门
t-0102	次热
t-0002	热门
t-0047	热门
t-0070	热门
t-0087	次热
t-0115	尾类-05
t-0125	尾类-15
t-0078	次热
t-0171	尾类-61
t-0186	尾类-76
t-0097	次热
t-0198	尾类-88
t-0196	尾类-86
t-0105	次热
t-0032	热门
t-0154	尾类-44
t-0182	尾类-72
t-0189	尾类-79
t-0103	次热
t-0086	次热
t-0036	热门
t-0195	尾类-85
t-0142	尾类-32
t-0170	尾类-60
t-0079	次热
t-0122	尾类-12
t-0062	热门
t-0071	次热
t-0193	尾类-83
t-0179	尾类-69
t-0191	尾类-81
t-0190	尾类-80
t-0044	热门
t-0132	尾类-22
t-0180	尾类-70
t-0085	次热
t-0007	热门
t-0045	热门
t-0064	热门
t-0127	尾类-17
t-0177	尾类-67
t-0061	热门
t-0192	尾类-82
t-0197	尾类-87
t-0028	热门
t-0060	热门
t-0090	次热
t-0165	尾类-55
t-0065	热门
t-0178	尾类-68
