d-19	丙
d-19	丙
d-19	丙
d-19	丙
d-27	丙
d-27	丙
d-11	丙
d-11	丙
d-11	丙
d-11	丙
d-06	乙
d-06	乙
d-06	乙
d-06	乙
d-32	丁
d-32	丁
d-13	甲
d-13	甲
d-13	甲
d-13	甲
d-25	甲
d-25	甲
d-24	丙
d-24	丁
d-24	丁
d-24	丁
d-34	乙
d-34	乙
d-26	乙
d-26	乙
d-07	丙
d-07	丙
d-07	丙
d-07	丙
d-23	丙
d-23	丙
d-23	丙
d-23	丙
d-35	丙
d-35	丙
d-17	甲
d-17	甲
d-17	甲
d-17	甲
d-05	甲
d-05	甲
d-05	甲
d-05	甲
d-02	乙
d-02	乙
d-02	乙
d-02	乙
d-04	丁
d-04	丁
d-04	丁
d-04	丁
d-29	甲
d-29	甲
d-09	甲
d-09	甲
d-09	甲
d-09	甲
d-16	丁
d-16	丁
d-16	丁
d-16	丁
d-20	丁
d-20	丁
d-20	丁
d-20	丁
d-36	丁
d-36	丁
d-28	丁
d-28	丁
d-03	丙
d-03	丙
d-03	丙
d-03	丙
d-10	乙
d-10	乙
d-10	乙
d-10	乙
d-18	乙
d-18	乙
d-18	乙
d-18	乙
d-08	丁
d-08	丁
d-08	丁
d-08	丁
d-21	甲
d-21	甲
d-21	甲
d-21	甲
d-12	丁
d-12	丁
d-12	丁
d-12	丁
d-33	甲
d-33	甲
d-15	丙
d-15	丙
d-15	丙
d-15	丙
d-01	甲
d-01	甲
d-01	甲
d-01	甲
d-30	乙
d-30	乙
d-14	乙
d-14	乙
d-14	乙
d-14	乙
d-31	丙
d-31	丙
d-22	乙
d-22	乙
d-22	乙
d-22	乙
