p-0136	甲
p-0031	甲
p-0220	甲
p-0120	丙
p-0106	甲
p-0080	乙
p-0019	甲
p-0170	乙
p-0185	乙
p-0067	甲
p-0139	甲
p-0127	甲
p-0172	甲
p-0213	丙
p-0166	甲
p-0249	丙
p-0257	乙
p-0260	乙
p-0197	乙
p-0035	乙
p-0157	甲
p-0262	甲
p-0063	丙
p-0180	丙
p-0248	乙
p-0215	乙
p-0152	乙
p-0005	乙
p-0051	丙
p-0236	乙
p-0231	丙
p-0163	甲
p-0192	丙
p-0164	乙
p-0261	丙
p-0088	甲
p-0175	甲
p-0149	乙
p-0227	乙
p-0138	丙
p-0124	甲
p-0204	丙
p-0072	丙
p-0025	甲
p-0140	乙
p-0012	丙
p-0162	丙
p-0003	丙
p-0096	丙
p-0237	丙
p-0023	乙
p-0017	乙
p-0100	甲
p-0188	乙
p-0021	丙
p-0212	乙
p-0042	丙
p-0194	乙
p-0178	甲
p-0097	甲
p-0225	丙
p-0121	甲
p-0008	乙
p-0022	甲
p-0066	丙
p-0034	甲
p-0193	甲
p-0214	甲
p-0132	丙
p-0208	甲
p-0014	乙
p-0263	乙
p-0147	丙
p-0228	丙
p-0167	乙
p-0086	乙
p-0198	丙
p-0205	甲
p-0254	乙
p-0093	丙
p-0203	乙
p-0044	乙
p-0144	丙
p-0150	丙
p-0001	甲
p-0216	丙
p-0007	甲
p-0054	丙
p-0148	甲
p-0027	丙
p-0242	乙
p-0258	丙
p-0077	乙
p-0081	丙
p-0176	乙
p-0060	丙
p-0094	甲
p-0246	丙
p-0191	乙
p-0123	丙
p-0155	乙
p-0043	甲
p-0186	丙
p-0015	丙
p-0209	乙
p-0073	甲
p-0165	丙
p-0239	乙
p-0168	丙
p-0252	丙
p-0011	乙
p-0069	丙
p-0046	甲
p-0024	丙
p-0059	乙
p-0029	乙
p-0049	甲
p-0028	甲
p-0173	乙
p-0200	乙
p-0141	丙
p-0010	甲
p-0030	丙
p-0109	甲
p-0116	乙
p-0222	丙
p-0177	丙
p-0114	丙
p-0032	乙
p-0196	甲
p-0047	乙
p-0082	甲
p-0074	乙
p-0062	乙
p-0211	甲
p-0201	丙
p-0038	乙
p-0084	丙
p-0250	甲
p-0128	乙
p-0210	丙
p-0243	丙
p-0070	甲
p-0223	甲
p-0020	乙
p-0105	丙
p-0256	甲
p-0101	乙
p-0004	甲
p-0184	甲
p-0079	甲
p-0085	甲
p-0217	甲
p-0053	乙
p-0245	乙
p-0135	丙
p-0131	乙
p-0119	乙
p-0145	甲
p-0009	丙
p-0206	乙
p-0255	丙
p-0161	乙
p-0234	丙
p-0151	甲
p-0264	丙
p-0153	丙
p-0033	丙
p-0076	甲
p-0064	甲
p-0174	丙
p-0224	乙
p-0218	乙
p-0207	丙
p-0040	甲
p-0110	乙
p-0087	丙
p-0179	乙
p-0232	甲
p-0111	丙
p-0229	甲
p-0099	丙
p-0129	丙
p-0057	丙
p-0235	甲
p-0190	甲
p-0183	丙
p-0199	甲
p-0221	乙
p-0050	乙
p-0219	丙
p-0137	乙
p-0095	乙
p-0171	丙
p-0036	丙
p-0092	乙
p-0233	乙
p-0045	丙
p-0075	丙
p-0108	丙
p-0118	甲
p-0160	甲
p-0125	乙
p-0154	甲
p-0146	乙
p-0265	甲
p-0181	甲
p-0247	甲
p-0159	丙
p-0048	丙
p-0112	甲
p-0002	乙
p-0158	乙
p-0241	甲
p-0133	甲
p-0061	甲
p-0056	乙
p-0089	乙
p-0068	乙
p-0226	甲
p-0202	甲
p-0083	乙
p-0259	甲
p-0037	甲
p-0016	甲
p-0102	丙
p-0115	甲
p-0058	甲
p-0098	乙
p-0103	甲
p-0253	甲
p-0126	丙
p-0018	丙
p-0142	甲
p-0244	甲
p-0134	乙
p-0107	乙
p-0122	乙
p-0240	丙
p-0230	乙
p-0238	甲
p-0251	乙
p-0187	甲
p-0090	丙
p-0006	丙
p-0041	乙
p-0071	乙
p-0113	乙
p-0189	丙
p-0055	甲
