q-0001	甲
q-0002	乙
q-0003	丙
q-0004	丁
q-0006	乙
q-0007	丙
q-0008	丁
q-0009	甲
q-0011	丙
q-0012	丁
q-0013	甲
q-0014	乙
q-0016	丁
q-0017	甲
q-0018	乙
q-0019	丙
q-0021	甲
q-0022	乙
q-0023	丙
q-0024	丁
q-0026	乙
q-0027	丙
q-0028	丁
q-0029	甲
q-0031	丙
q-0032	丁
q-0033	甲
q-0034	乙
q-0036	丁
q-0037	甲
q-0038	乙
q-0039	丙
q-0041	甲
q-0042	乙
q-0043	丙
q-0044	丁
q-0046	乙
q-0047	丙
q-0048	丁
q-0049	甲
q-0051	丙
q-0052	丁
q-0053	甲
q-0054	乙
q-0056	丁
q-0057	甲
q-0058	乙
q-0059	丙
q-0061	甲
q-0062	乙
q-0063	丙
q-0064	丁
q-0066	乙
q-0067	丙
q-0068	丁
q-0069	甲
q-0071	丙
q-0072	丁
q-0073	甲
q-0074	乙
q-0076	丁
q-0077	甲
q-0078	乙
q-0079	丙
q-0081	甲
q-0082	乙
q-0083	丙
q-0084	丁
q-0086	乙
q-0087	丙
q-0088	丁
q-0089	甲
q-0091	丙
q-0092	丁
q-0093	甲
q-0094	乙
q-0096	丁
q-0097	甲
q-0098	乙
q-0099	丙
q-0101	甲
q-0102	乙
q-0103	丙
q-0104	丁
q-0106	乙
q-0107	丙
q-0108	丁
q-0109	甲
q-0111	丙
q-0112	丁
q-0113	甲
q-0114	乙
q-0116	丁
q-0117	甲
q-0118	乙
q-0119	丙
q-0121	甲
q-0122	乙
q-0123	丙
q-0124	丁
q-0126	乙
q-0127	丙
q-0128	丁
q-0129	甲
q-0131	丙
q-0132	丁
q-0133	甲
q-0134	乙
q-0136	丁
q-0137	甲
q-0138	乙
q-0139	丙
q-0141	甲
q-0142	乙
q-0143	丙
q-0144	丁
q-0146	乙
q-0147	丙
q-0148	丁
q-0149	甲
q-0151	丙
q-0152	丁
q-0153	甲
q-0154	乙
q-0156	丁
q-0157	甲
q-0158	乙
q-0159	丙
q-0161	甲
q-0162	乙
q-0163	丙
q-0164	丁
q-0166	乙
q-0167	丙
q-0168	丁
q-0169	甲
q-0171	丙
q-0172	丁
q-0173	甲
q-0174	乙
q-0176	丁
q-0177	甲
q-0178	乙
q-0179	丙
q-0181	甲
q-0182	乙
q-0183	丙
q-0184	丁
q-0186	乙
q-0187	丙
q-0188	丁
q-0189	甲
q-0191	丙
q-0192	丁
q-0193	甲
q-0194	乙
q-0196	丁
q-0197	甲
q-0198	乙
q-0199	丙
q-0201	甲
q-0202	乙
q-0203	丙
q-0204	丁
q-0206	乙
q-0207	丙
q-0208	丁
q-0209	甲
q-0211	丙
q-0212	丁
q-0213	甲
q-0214	乙
q-0216	丁
q-0217	甲
q-0218	乙
q-0219	丙
q-0221	甲
q-0222	乙
q-0223	丙
q-0224	丁
q-0226	乙
q-0227	丙
q-0228	丁
q-0229	甲
q-0231	丙
q-0232	丁
q-0233	甲
q-0234	乙
q-0236	丁
q-0237	甲
q-0238	乙
q-0239	丙
